"ENTITY_ID","LAT","LON","CITY","STATE","ZIP","BUSINESS_TYPE","YEAR","AVERAGE_ANNUAL_DEPOSITS"
1000,39.152732,-84.486801,"Cincinnati","Ohio","45229","Bank","2013",524559.077777778
1000,39.152732,-84.486801,"Cincinnati","Ohio","45229","Bank","2014",580297.636363636
1000,39.152732,-84.486801,"Cincinnati","Ohio","45229","Bank","2015",684007.6
1000,39.152732,-84.486801,"Cincinnati","Ohio","45229","Bank","2017",891464.144444444
1000,39.152732,-84.486801,"Cincinnati","Ohio","45229","Bank","2016",822980.161290323
1001,39.111687,-84.421674,"Cincinnati","Ohio","45226","Bank","2013",47048.8771929825
1001,39.111687,-84.421674,"Cincinnati","Ohio","45226","Bank","2014",47705.6315789474
1001,39.111687,-84.421674,"Cincinnati","Ohio","45226","Bank","2015",49760.0508474576
1001,39.111687,-84.421674,"Cincinnati","Ohio","45226","Bank","2016",49835.5689655172
1001,39.111687,-84.421674,"Cincinnati","Ohio","45226","Bank","2017",54860.9152542373
1002,39.109377,-84.502571,"Cincinnati","Ohio","45202","Bank","2013",496542.875
1002,39.109377,-84.502571,"Cincinnati","Ohio","45202","Bank","2014",554436.064516129
1002,39.109377,-84.502571,"Cincinnati","Ohio","45202","Bank","2015",659863.478723404
1002,39.109377,-84.502571,"Cincinnati","Ohio","45202","Bank","2016",808549.568421053
1002,39.109377,-84.502571,"Cincinnati","Ohio","45202","Bank","2017",856403.712765957
1003,39.127376,-84.513064,"Cincinnati","Ohio","45219","Bank","2013",530308.112359551
1003,39.127376,-84.513064,"Cincinnati","Ohio","45219","Bank","2014",593866.488372093
1003,39.127376,-84.513064,"Cincinnati","Ohio","45219","Bank","2015",707259.908045977
1003,39.127376,-84.513064,"Cincinnati","Ohio","45219","Bank","2016",858133.011235955
1003,39.127376,-84.513064,"Cincinnati","Ohio","45219","Bank","2017",909792.897727273
1004,41.760117,-81.060305,"Madison","Ohio","44057","Bank","2013",22581.125
1004,41.760117,-81.060305,"Madison","Ohio","44057","Bank","2014",22734.875
1004,41.760117,-81.060305,"Madison","Ohio","44057","Bank","2015",23168.25
1004,41.760117,-81.060305,"Madison","Ohio","44057","Bank","2016",25013.625
1004,41.760117,-81.060305,"Madison","Ohio","44057","Bank","2017",32977.1428571429
1032,35.45881,-97.262802,"Choctaw","Oklahoma","73020","Bank","2013",31284
1032,35.45881,-97.262802,"Choctaw","Oklahoma","73020","Bank","2014",31100.25
1032,35.45881,-97.262802,"Choctaw","Oklahoma","73020","Bank","2015",32579.75
1032,35.45881,-97.262802,"Choctaw","Oklahoma","73020","Bank","2016",34328.25
1032,35.45881,-97.262802,"Choctaw","Oklahoma","73020","Bank","2017",35868
1033,35.703414,-97.434052,"Edmond","Oklahoma","73034","Bank","2013",48221.1666666667
1033,35.703414,-97.434052,"Edmond","Oklahoma","73034","Bank","2014",51651.6111111111
1033,35.703414,-97.434052,"Edmond","Oklahoma","73034","Bank","2015",54716.6666666667
1033,35.703414,-97.434052,"Edmond","Oklahoma","73034","Bank","2016",62501.0588235294
1033,35.703414,-97.434052,"Edmond","Oklahoma","73034","Bank","2017",64559.0588235294
1034,35.461181,-97.397639,"Midwest City","Oklahoma","73110","Bank","2013",38821.16
1034,35.461181,-97.397639,"Midwest City","Oklahoma","73110","Bank","2014",38975.08
1034,35.461181,-97.397639,"Midwest City","Oklahoma","73110","Bank","2015",44236.9545454545
1034,35.461181,-97.397639,"Midwest City","Oklahoma","73110","Bank","2016",45815.9523809524
1034,35.461181,-97.397639,"Midwest City","Oklahoma","73110","Bank","2017",45592.380952381
1035,35.582011,-97.640928,"Oklahoma City","Oklahoma","73162","Bank","2013",49130.925
1035,35.582011,-97.640928,"Oklahoma City","Oklahoma","73162","Bank","2014",53720.3846153846
1035,35.582011,-97.640928,"Oklahoma City","Oklahoma","73162","Bank","2015",58584.8205128205
1035,35.582011,-97.640928,"Oklahoma City","Oklahoma","73162","Bank","2016",64129.3684210526
1035,35.582011,-97.640928,"Oklahoma City","Oklahoma","73162","Bank","2017",66730.7105263158
1036,35.981812,-95.809191,"Broken Arrow","Oklahoma","74011","Bank","2016",46169.875
1036,35.981812,-95.809191,"Broken Arrow","Oklahoma","74011","Bank","2015",37651.3333333333
1036,35.981812,-95.809191,"Broken Arrow","Oklahoma","74011","Bank","2013",28330
1036,35.981812,-95.809191,"Broken Arrow","Oklahoma","74011","Bank","2014",35241.1
1036,35.981812,-95.809191,"Broken Arrow","Oklahoma","74011","Bank","2017",47895.75
1040,45.413524,-122.536758,"Clackamas","Oregon","97015","Bank","2013",35310.8620689655
1040,45.413524,-122.536758,"Clackamas","Oregon","97015","Bank","2014",39208.56
1040,45.413524,-122.536758,"Clackamas","Oregon","97015","Bank","2016",51809.1818181818
1040,45.413524,-122.536758,"Clackamas","Oregon","97015","Bank","2015",44459.8333333333
1040,45.413524,-122.536758,"Clackamas","Oregon","97015","Bank","2017",67609.95
1041,45.445048,-122.528173,"Happy Valley","Oregon","97086","Bank","2013",39994.6764705882
1041,45.445048,-122.528173,"Happy Valley","Oregon","97086","Bank","2014",44409.5333333333
1041,45.445048,-122.528173,"Happy Valley","Oregon","97086","Bank","2016",56862.7586206897
1041,45.445048,-122.528173,"Happy Valley","Oregon","97086","Bank","2015",51608.0689655172
1041,45.445048,-122.528173,"Happy Valley","Oregon","97086","Bank","2017",73981.2307692308
1042,45.352514,-122.668534,"West Linn","Oregon","97068","Bank","2013",47508.3684210526
1042,45.352514,-122.668534,"West Linn","Oregon","97068","Bank","2014",51453.5263157895
1042,45.352514,-122.668534,"West Linn","Oregon","97068","Bank","2015",54895.6315789474
1042,45.352514,-122.668534,"West Linn","Oregon","97068","Bank","2016",60259.45
1042,45.352514,-122.668534,"West Linn","Oregon","97068","Bank","2017",76911.1666666667
1043,45.772037,-122.96941,"Scappoose","Oregon","97056","Bank","2013",155020.459413011
1043,45.772037,-122.96941,"Scappoose","Oregon","97056","Bank","2014",180705.041247094
1043,45.772037,-122.96941,"Scappoose","Oregon","97056","Bank","2015",196952.362766767
1043,45.772037,-122.96941,"Scappoose","Oregon","97056","Bank","2017",225219.066850761
1043,45.772037,-122.96941,"Scappoose","Oregon","97056","Bank","2016",232466.898842309
1044,44.000626,-121.233812,"Bend","Oregon","97702","Bank","2016",39220.25
1044,44.000626,-121.233812,"Bend","Oregon","97702","Bank","2013",24230
1044,44.000626,-121.233812,"Bend","Oregon","97702","Bank","2014",35128
1044,44.000626,-121.233812,"Bend","Oregon","97702","Bank","2015",37273.25
1044,44.000626,-121.233812,"Bend","Oregon","97702","Bank","2017",40414.25
1061,29.306228,-98.530819,"San Antonio","Texas","78224","Bank","2013",20471.1764705882
1061,29.306228,-98.530819,"San Antonio","Texas","78224","Bank","2014",22907.875
1061,29.306228,-98.530819,"San Antonio","Texas","78224","Bank","2016",28803.4
1061,29.306228,-98.530819,"San Antonio","Texas","78224","Bank","2015",26992.2
1061,29.306228,-98.530819,"San Antonio","Texas","78224","Bank","2017",31278.2142857143
1062,29.395776,-98.464401,"San Antonio","Texas","78210","Bank","2013",175047.837209302
1062,29.395776,-98.464401,"San Antonio","Texas","78210","Bank","2014",164389.512195122
1062,29.395776,-98.464401,"San Antonio","Texas","78210","Bank","2015",168902.395348837
1062,29.395776,-98.464401,"San Antonio","Texas","78210","Bank","2016",151330.4
1062,29.395776,-98.464401,"San Antonio","Texas","78210","Bank","2017",175790.617021277
1063,29.588638,-98.474585,"San Antonio","Texas","78232","Bank","2013",48054.4324324324
1063,29.588638,-98.474585,"San Antonio","Texas","78232","Bank","2014",54142.2465753425
1063,29.588638,-98.474585,"San Antonio","Texas","78232","Bank","2015",57788.4533333333
1063,29.588638,-98.474585,"San Antonio","Texas","78232","Bank","2016",67532.5774647887
1063,29.588638,-98.474585,"San Antonio","Texas","78232","Bank","2017",78587.3538461538
1064,29.31194,-98.391006,"San Antonio","Texas","78223","Bank","2013",4279
1064,29.31194,-98.391006,"San Antonio","Texas","78223","Bank","2015",4674.75
1064,29.31194,-98.391006,"San Antonio","Texas","78223","Bank","2016",14078
1064,29.31194,-98.391006,"San Antonio","Texas","78223","Bank","2014",5042
1064,29.31194,-98.391006,"San Antonio","Texas","78223","Bank","2017",14820.5
1065,29.502729,-98.664897,"San Antonio","Texas","78250","Bank","2013",38176.2258064516
1065,29.502729,-98.664897,"San Antonio","Texas","78250","Bank","2014",41385.6333333333
1065,29.502729,-98.664897,"San Antonio","Texas","78250","Bank","2015",45370.6551724138
1065,29.502729,-98.664897,"San Antonio","Texas","78250","Bank","2016",49885.8620689655
1065,29.502729,-98.664897,"San Antonio","Texas","78250","Bank","2017",57431.2222222222
1159,33.323672,-111.878461,"Chandler","Arizona","85224","Bank","2013",42315.55
1159,33.323672,-111.878461,"Chandler","Arizona","85224","Bank","2014",49488.6607142857
1159,33.323672,-111.878461,"Chandler","Arizona","85224","Bank","2016",64983.8
1159,33.323672,-111.878461,"Chandler","Arizona","85224","Bank","2017",91979.1538461538
1159,33.323672,-111.878461,"Chandler","Arizona","85224","Bank","2015",53239.1454545455
1162,33.252224,-112.010313,"Chandler","Arizona","85226","Bank","2013",58362.5
1162,33.252224,-112.010313,"Chandler","Arizona","85226","Bank","2014",66913.4
1162,33.252224,-112.010313,"Chandler","Arizona","85226","Bank","2016",66354.8333333333
1162,33.252224,-112.010313,"Chandler","Arizona","85226","Bank","2015",72139.6
1162,33.252224,-112.010313,"Chandler","Arizona","85226","Bank","2017",75442.6666666667
1164,33.214955,-111.869973,"Chandler","Arizona","85248","Bank","2013",56891.0588235294
1164,33.214955,-111.869973,"Chandler","Arizona","85248","Bank","2014",62905.0625
1164,33.214955,-111.869973,"Chandler","Arizona","85248","Bank","2016",72505.3125
1164,33.214955,-111.869973,"Chandler","Arizona","85248","Bank","2017",74980.2941176471
1164,33.214955,-111.869973,"Chandler","Arizona","85248","Bank","2015",67104.5
1166,33.56809,-112.178089,"Glendale","Arizona","85302","Bank","2013",42848.1538461538
1166,33.56809,-112.178089,"Glendale","Arizona","85302","Bank","2014",45567.1891891892
1166,33.56809,-112.178089,"Glendale","Arizona","85302","Bank","2015",47432.5675675676
1166,33.56809,-112.178089,"Glendale","Arizona","85302","Bank","2016",52399.2702702703
1166,33.56809,-112.178089,"Glendale","Arizona","85302","Bank","2017",57991.9722222222
1168,33.530805,-112.2563,"Glendale","Arizona","85305","Bank","2013",24953.76
1168,33.530805,-112.2563,"Glendale","Arizona","85305","Bank","2014",30955.2692307692
1168,33.530805,-112.2563,"Glendale","Arizona","85305","Bank","2016",41974.375
1168,33.530805,-112.2563,"Glendale","Arizona","85305","Bank","2017",47235.9583333333
1168,33.530805,-112.2563,"Glendale","Arizona","85305","Bank","2015",37146.0833333333
1235,37.866528,-122.258039,"Berkeley","California","94704","Bank","2013",129288.604651163
1235,37.866528,-122.258039,"Berkeley","California","94704","Bank","2014",141961.034482759
1235,37.866528,-122.258039,"Berkeley","California","94704","Bank","2016",179349.875
1235,37.866528,-122.258039,"Berkeley","California","94704","Bank","2015",167306.43902439
1235,37.866528,-122.258039,"Berkeley","California","94704","Bank","2017",184156.409638554
1237,37.873832,-122.254944,"Berkeley","California","94720","Bank","2013",130725.507936508
1237,37.873832,-122.254944,"Berkeley","California","94720","Bank","2014",140233.714285714
1237,37.873832,-122.254944,"Berkeley","California","94720","Bank","2016",173463.344827586
1237,37.873832,-122.254944,"Berkeley","California","94720","Bank","2015",160284.661016949
1237,37.873832,-122.254944,"Berkeley","California","94720","Bank","2017",179744.491803279
1239,37.717276,-122.081958,"Castro Valley","California","94546","Bank","2013",138080.605263158
1239,37.717276,-122.081958,"Castro Valley","California","94546","Bank","2014",143744.923076923
1239,37.717276,-122.081958,"Castro Valley","California","94546","Bank","2016",170449.026315789
1239,37.717276,-122.081958,"Castro Valley","California","94546","Bank","2017",185065.72972973
1239,37.717276,-122.081958,"Castro Valley","California","94546","Bank","2015",164058.621621622
1241,37.715248,-121.914693,"Dublin","California","94568","Bank","2013",84062.8378378378
1241,37.715248,-121.914693,"Dublin","California","94568","Bank","2014",88284.475
1241,37.715248,-121.914693,"Dublin","California","94568","Bank","2016",107866.863636364
1241,37.715248,-121.914693,"Dublin","California","94568","Bank","2015",99615.5238095238
1241,37.715248,-121.914693,"Dublin","California","94568","Bank","2017",123237.477272727
1243,37.501368,-121.956753,"Fremont","California","94538","Bank","2013",128101.755555556
1243,37.501368,-121.956753,"Fremont","California","94538","Bank","2014",139068.409090909
1243,37.501368,-121.956753,"Fremont","California","94538","Bank","2015",161777.097560976
1243,37.501368,-121.956753,"Fremont","California","94538","Bank","2016",179915.219512195
1243,37.501368,-121.956753,"Fremont","California","94538","Bank","2017",194517.162790698
1264,40.615229,-111.890734,"Cottonwood Heights","Utah","84047","Bank","2013",836298.616438356
1264,40.615229,-111.890734,"Cottonwood Heights","Utah","84047","Bank","2014",948372.154929577
1264,40.615229,-111.890734,"Cottonwood Heights","Utah","84047","Bank","2015",1043781.52112676
1264,40.615229,-111.890734,"Cottonwood Heights","Utah","84047","Bank","2016",1341216.63235294
1264,40.615229,-111.890734,"Cottonwood Heights","Utah","84047","Bank","2017",1503935.07462687
1266,40.500154,-111.869576,"Draper","Utah","84020","Bank","2013",1153938.65
1266,40.500154,-111.869576,"Draper","Utah","84020","Bank","2014",1654939.55
1266,40.500154,-111.869576,"Draper","Utah","84020","Bank","2016",2369069.45454545
1266,40.500154,-111.869576,"Draper","Utah","84020","Bank","2015",2134178.65
1266,40.500154,-111.869576,"Draper","Utah","84020","Bank","2017",2821442.14285714
1268,40.658038,-111.884447,"Salt Lake City","Utah","84107","Bank","2013",1318036.61038961
1268,40.658038,-111.884447,"Salt Lake City","Utah","84107","Bank","2014",1450322.70666667
1268,40.658038,-111.884447,"Salt Lake City","Utah","84107","Bank","2015",1657568.18918919
1268,40.658038,-111.884447,"Salt Lake City","Utah","84107","Bank","2016",2099449.71428571
1268,40.658038,-111.884447,"Salt Lake City","Utah","84107","Bank","2017",2315119.73913043
1270,40.755959,-111.883983,"Salt Lake City","Utah","84111","Bank","2013",2677940.80246914
1270,40.755959,-111.883983,"Salt Lake City","Utah","84111","Bank","2014",3142369.2375
1270,40.755959,-111.883983,"Salt Lake City","Utah","84111","Bank","2015",3744129.24050633
1270,40.755959,-111.883983,"Salt Lake City","Utah","84111","Bank","2016",4409427.22972973
1270,40.755959,-111.883983,"Salt Lake City","Utah","84111","Bank","2017",2828932.45205479
1272,40.661044,-111.834714,"Salt Lake City","Utah","84117","Bank","2013",1175364.58208955
1272,40.661044,-111.834714,"Salt Lake City","Utah","84117","Bank","2014",1354211.46153846
1272,40.661044,-111.834714,"Salt Lake City","Utah","84117","Bank","2015",1528424.734375
1272,40.661044,-111.834714,"Salt Lake City","Utah","84117","Bank","2016",1580730.01639344
1272,40.661044,-111.834714,"Salt Lake City","Utah","84117","Bank","2017",1760906.68333333
1287,46.21405,-119.175728,"Kennewick","Washington","99336","Bank","2013",47617.25
1287,46.21405,-119.175728,"Kennewick","Washington","99336","Bank","2014",51224.9444444444
1287,46.21405,-119.175728,"Kennewick","Washington","99336","Bank","2015",57844.6470588235
1287,46.21405,-119.175728,"Kennewick","Washington","99336","Bank","2016",62040.15625
1287,46.21405,-119.175728,"Kennewick","Washington","99336","Bank","2017",61241.8529411765
1289,46.25284,-119.287852,"Richland","Washington","99352","Bank","2013",41136.5263157895
1289,46.25284,-119.287852,"Richland","Washington","99352","Bank","2014",43611.1578947368
1289,46.25284,-119.287852,"Richland","Washington","99352","Bank","2016",48788.2105263158
1289,46.25284,-119.287852,"Richland","Washington","99352","Bank","2015",44969.6842105263
1289,46.25284,-119.287852,"Richland","Washington","99352","Bank","2017",48545.4761904762
1291,45.805747,-122.510777,"Battle Ground","Washington","98604","Bank","2013",45909.6666666667
1291,45.805747,-122.510777,"Battle Ground","Washington","98604","Bank","2014",49143.5
1291,45.805747,-122.510777,"Battle Ground","Washington","98604","Bank","2016",61375.5
1291,45.805747,-122.510777,"Battle Ground","Washington","98604","Bank","2015",54238.5
1291,45.805747,-122.510777,"Battle Ground","Washington","98604","Bank","2017",70268.8333333333
1293,45.679501,-122.66056,"Vancouver","Washington","98665","Bank","2013",59769.4761904762
1293,45.679501,-122.66056,"Vancouver","Washington","98665","Bank","2014",63691.575
1293,45.679501,-122.66056,"Vancouver","Washington","98665","Bank","2015",72309.2051282051
1293,45.679501,-122.66056,"Vancouver","Washington","98665","Bank","2016",75201.3658536585
1293,45.679501,-122.66056,"Vancouver","Washington","98665","Bank","2017",78194.1190476191
1295,45.640067,-122.625018,"Vancouver","Washington","98661","Bank","2013",53217.0769230769
1295,45.640067,-122.625018,"Vancouver","Washington","98661","Bank","2014",57810.75
1295,45.640067,-122.625018,"Vancouver","Washington","98661","Bank","2015",65041.3913043478
1295,45.640067,-122.625018,"Vancouver","Washington","98661","Bank","2016",68738.4468085106
1295,45.640067,-122.625018,"Vancouver","Washington","98661","Bank","2017",71431.625
1365,39.001871,-80.197424,"Buckhannon","West Virginia","26201","Bank","2013",49271.2857142857
1365,39.001871,-80.197424,"Buckhannon","West Virginia","26201","Bank","2014",50543.2857142857
1365,39.001871,-80.197424,"Buckhannon","West Virginia","26201","Bank","2015",50360.5714285714
1365,39.001871,-80.197424,"Buckhannon","West Virginia","26201","Bank","2016",49803
1365,39.001871,-80.197424,"Buckhannon","West Virginia","26201","Bank","2017",51020.5714285714
1367,44.397967,-88.09639,"De Pere","Wisconsin","54115","Bank","2013",32879.6923076923
1367,44.397967,-88.09639,"De Pere","Wisconsin","54115","Bank","2014",33081
1367,44.397967,-88.09639,"De Pere","Wisconsin","54115","Bank","2015",38207.3333333333
1367,44.397967,-88.09639,"De Pere","Wisconsin","54115","Bank","2016",39822.3636363636
1367,44.397967,-88.09639,"De Pere","Wisconsin","54115","Bank","2017",41146.9090909091
1369,44.480778,-88.016063,"Green Bay","Wisconsin","54301","Bank","2013",83947.2692307692
1369,44.480778,-88.016063,"Green Bay","Wisconsin","54301","Bank","2014",85680.9215686275
1369,44.480778,-88.016063,"Green Bay","Wisconsin","54301","Bank","2015",98308.2653061225
1369,44.480778,-88.016063,"Green Bay","Wisconsin","54301","Bank","2016",98240
1369,44.480778,-88.016063,"Green Bay","Wisconsin","54301","Bank","2017",123497.565217391
1370,42.547457,-88.03928,"Bristol","Wisconsin","53104","Bank","2014",40851.75
1370,42.547457,-88.03928,"Bristol","Wisconsin","53104","Bank","2016",46440
1370,42.547457,-88.03928,"Bristol","Wisconsin","53104","Bank","2013",39474.25
1370,42.547457,-88.03928,"Bristol","Wisconsin","53104","Bank","2015",43562.5
1370,42.547457,-88.03928,"Bristol","Wisconsin","53104","Bank","2017",48554
1372,42.622309,-87.828803,"Kenosha","Wisconsin","53140","Bank","2013",39774.1052631579
1372,42.622309,-87.828803,"Kenosha","Wisconsin","53140","Bank","2014",42784.7222222222
1372,42.622309,-87.828803,"Kenosha","Wisconsin","53140","Bank","2015",46857.5
1372,42.622309,-87.828803,"Kenosha","Wisconsin","53140","Bank","2016",49701.5
1372,42.622309,-87.828803,"Kenosha","Wisconsin","53140","Bank","2017",58593.3333333333
1374,45.122179,-89.170874,"Antigo","Wisconsin","54409","Bank","2013",17092
1374,45.122179,-89.170874,"Antigo","Wisconsin","54409","Bank","2015",18650.4
1374,45.122179,-89.170874,"Antigo","Wisconsin","54409","Bank","2014",18933
1374,45.122179,-89.170874,"Antigo","Wisconsin","54409","Bank","2017",15226.8333333333
1374,45.122179,-89.170874,"Antigo","Wisconsin","54409","Bank","2016",18256.6
1528,39.855318,-104.957119,"Thornton","Colorado","80229","Bank","2013",41627.5641025641
1528,39.855318,-104.957119,"Thornton","Colorado","80229","Bank","2014",42788.9210526316
1528,39.855318,-104.957119,"Thornton","Colorado","80229","Bank","2015",46213.6486486486
1528,39.855318,-104.957119,"Thornton","Colorado","80229","Bank","2016",55639.8823529412
1528,39.855318,-104.957119,"Thornton","Colorado","80229","Bank","2017",58614.4705882353
1529,39.62732,-104.779035,"Aurora","Colorado","80015","Bank","2013",53223.2820512821
1529,39.62732,-104.779035,"Aurora","Colorado","80015","Bank","2014",59706.5142857143
1529,39.62732,-104.779035,"Aurora","Colorado","80015","Bank","2016",71372.5277777778
1529,39.62732,-104.779035,"Aurora","Colorado","80015","Bank","2015",68502.7428571429
1529,39.62732,-104.779035,"Aurora","Colorado","80015","Bank","2017",82340.2647058823
1530,39.580309,-104.954917,"Centennial","Colorado","80122","Bank","2013",91470.1973684211
1530,39.580309,-104.954917,"Centennial","Colorado","80122","Bank","2014",97635.3768115942
1530,39.580309,-104.954917,"Centennial","Colorado","80122","Bank","2015",92729.5857142857
1530,39.580309,-104.954917,"Centennial","Colorado","80122","Bank","2016",110348.436619718
1530,39.580309,-104.954917,"Centennial","Colorado","80122","Bank","2017",113640.828571429
1531,39.576926,-104.857826,"Englewood","Colorado","80112","Bank","2013",104197.298701299
1531,39.576926,-104.857826,"Englewood","Colorado","80112","Bank","2014",107114.513513514
1531,39.576926,-104.857826,"Englewood","Colorado","80112","Bank","2015",101069.273972603
1531,39.576926,-104.857826,"Englewood","Colorado","80112","Bank","2016",117180.02739726
1531,39.576926,-104.857826,"Englewood","Colorado","80112","Bank","2017",121255.097222222
1532,39.593836,-105.01146,"Littleton","Colorado","80120","Bank","2013",69706.6111111111
1532,39.593836,-105.01146,"Littleton","Colorado","80120","Bank","2014",67910.1020408163
1532,39.593836,-105.01146,"Littleton","Colorado","80120","Bank","2015",72776.125
1532,39.593836,-105.01146,"Littleton","Colorado","80120","Bank","2016",87955.44
1532,39.593836,-105.01146,"Littleton","Colorado","80120","Bank","2017",92556.3469387755
1563,28.066492,-80.678444,"Melbourne","Florida","32904","Bank","2013",60009.1904761905
1563,28.066492,-80.678444,"Melbourne","Florida","32904","Bank","2014",60063.4761904762
1563,28.066492,-80.678444,"Melbourne","Florida","32904","Bank","2016",71959.4285714286
1563,28.066492,-80.678444,"Melbourne","Florida","32904","Bank","2015",63624.8095238095
1563,28.066492,-80.678444,"Melbourne","Florida","32904","Bank","2017",79561.3333333333
1564,28.145509,-80.649958,"Melbourne","Florida","32935","Bank","2013",75349.8461538462
1564,28.145509,-80.649958,"Melbourne","Florida","32935","Bank","2014",78561.72
1564,28.145509,-80.649958,"Melbourne","Florida","32935","Bank","2015",82504.375
1564,28.145509,-80.649958,"Melbourne","Florida","32935","Bank","2016",86697.84
1564,28.145509,-80.649958,"Melbourne","Florida","32935","Bank","2017",94403.84
1565,28.066492,-80.678444,"West Melbourne","Florida","32904","Bank","2013",60009.1904761905
1565,28.066492,-80.678444,"West Melbourne","Florida","32904","Bank","2014",60063.4761904762
1565,28.066492,-80.678444,"West Melbourne","Florida","32904","Bank","2016",71959.4285714286
1565,28.066492,-80.678444,"West Melbourne","Florida","32904","Bank","2015",63624.8095238095
1565,28.066492,-80.678444,"West Melbourne","Florida","32904","Bank","2017",79561.3333333333
1566,26.251909,-80.208929,"Coconut Creek","Florida","33063","Bank","2013",84686.3428571429
1566,26.251909,-80.208929,"Coconut Creek","Florida","33063","Bank","2014",92184.7014925373
1566,26.251909,-80.208929,"Coconut Creek","Florida","33063","Bank","2015",98358.4
1566,26.251909,-80.208929,"Coconut Creek","Florida","33063","Bank","2016",110587.587301587
1566,26.251909,-80.208929,"Coconut Creek","Florida","33063","Bank","2017",106235.390625
1567,26.316828,-80.276867,"Coral Springs","Florida","33076","Bank","2013",84473.5
1567,26.316828,-80.276867,"Coral Springs","Florida","33076","Bank","2014",90703.8
1567,26.316828,-80.276867,"Coral Springs","Florida","33076","Bank","2015",101360.04
1567,26.316828,-80.276867,"Coral Springs","Florida","33076","Bank","2016",110911.375
1567,26.316828,-80.276867,"Coral Springs","Florida","33076","Bank","2017",114241.24
1644,34.032388,-84.505154,"Marietta","Georgia","30066","Bank","2013",48369.3
1644,34.032388,-84.505154,"Marietta","Georgia","30066","Bank","2014",51573.625
1644,34.032388,-84.505154,"Marietta","Georgia","30066","Bank","2015",54321.2857142857
1644,34.032388,-84.505154,"Marietta","Georgia","30066","Bank","2016",58790.8717948718
1644,34.032388,-84.505154,"Marietta","Georgia","30066","Bank","2017",66511.1351351351
1645,33.940455,-84.609708,"Marietta","Georgia","30064","Bank","2013",56303
1645,33.940455,-84.609708,"Marietta","Georgia","30064","Bank","2014",57374.1818181818
1645,33.940455,-84.609708,"Marietta","Georgia","30064","Bank","2015",66074.625
1645,33.940455,-84.609708,"Marietta","Georgia","30064","Bank","2016",70191.7419354839
1645,33.940455,-84.609708,"Marietta","Georgia","30064","Bank","2017",74678.40625
1646,33.827487,-84.323013,"Atlanta","Georgia","30329","Bank","2013",101052.641509434
1646,33.827487,-84.323013,"Atlanta","Georgia","30329","Bank","2014",94398.1165048544
1646,33.827487,-84.323013,"Atlanta","Georgia","30329","Bank","2016",148924.088235294
1646,33.827487,-84.323013,"Atlanta","Georgia","30329","Bank","2015",117480.951456311
1646,33.827487,-84.323013,"Atlanta","Georgia","30329","Bank","2017",174447.676470588
1647,33.888505,-84.289532,"Chamblee","Georgia","30341","Bank","2013",61013.6964285714
1647,33.888505,-84.289532,"Chamblee","Georgia","30341","Bank","2014",63063.0892857143
1647,33.888505,-84.289532,"Chamblee","Georgia","30341","Bank","2015",67973.0535714286
1647,33.888505,-84.289532,"Chamblee","Georgia","30341","Bank","2016",78360.8703703704
1647,33.888505,-84.289532,"Chamblee","Georgia","30341","Bank","2017",93266.625
1648,33.391904,-84.570611,"Peachtree City","Georgia","30269","Bank","2013",59459.7333333333
1648,33.391904,-84.570611,"Peachtree City","Georgia","30269","Bank","2014",63841.2
1648,33.391904,-84.570611,"Peachtree City","Georgia","30269","Bank","2015",74842
1648,33.391904,-84.570611,"Peachtree City","Georgia","30269","Bank","2017",86848.4615384615
1648,33.391904,-84.570611,"Peachtree City","Georgia","30269","Bank","2016",79386.3571428571
1661,46.722245,-116.940158,"Moscow","Idaho","83843","Bank","2013",43938
1661,46.722245,-116.940158,"Moscow","Idaho","83843","Bank","2014",41482.8888888889
1661,46.722245,-116.940158,"Moscow","Idaho","83843","Bank","2016",37815.6666666667
1661,46.722245,-116.940158,"Moscow","Idaho","83843","Bank","2015",37529.5
1661,46.722245,-116.940158,"Moscow","Idaho","83843","Bank","2017",41827.75
1662,42.167231,-87.964063,"Buffalo Grove","Illinois","60089","Bank","2013",72497.75
1662,42.167231,-87.964063,"Buffalo Grove","Illinois","60089","Bank","2014",74905.5087719298
1662,42.167231,-87.964063,"Buffalo Grove","Illinois","60089","Bank","2015",79572
1662,42.167231,-87.964063,"Buffalo Grove","Illinois","60089","Bank","2016",89665.8076923077
1662,42.167231,-87.964063,"Buffalo Grove","Illinois","60089","Bank","2017",92123.2352941177
1663,41.906772,-87.632231,"Chicago","Illinois","60610","Bank","2013",413496.18373494
1663,41.906772,-87.632231,"Chicago","Illinois","60610","Bank","2014",485541.475460123
1663,41.906772,-87.632231,"Chicago","Illinois","60610","Bank","2015",561568.060126582
1663,41.906772,-87.632231,"Chicago","Illinois","60610","Bank","2016",574995.50974026
1663,41.906772,-87.632231,"Chicago","Illinois","60610","Bank","2017",574374.642140468
1664,41.893936,-87.614498,"Chicago","Illinois","60611","Bank","2013",453584.303333333
1664,41.893936,-87.614498,"Chicago","Illinois","60611","Bank","2014",532332.040677966
1664,41.893936,-87.614498,"Chicago","Illinois","60611","Bank","2015",617848.736842105
1664,41.893936,-87.614498,"Chicago","Illinois","60611","Bank","2016",636298.59057971
1664,41.893936,-87.614498,"Chicago","Illinois","60611","Bank","2017",634859.231343284
1665,41.848897,-87.717661,"Chicago","Illinois","60623","Bank","2013",52890.8064516129
1665,41.848897,-87.717661,"Chicago","Illinois","60623","Bank","2014",56577.3947368421
1665,41.848897,-87.717661,"Chicago","Illinois","60623","Bank","2015",59536.0134228188
1665,41.848897,-87.717661,"Chicago","Illinois","60623","Bank","2016",65527.7777777778
1665,41.848897,-87.717661,"Chicago","Illinois","60623","Bank","2017",70929.4820143885
1666,42.008558,-87.694735,"Chicago","Illinois","60645","Bank","2013",67514.790960452
1666,42.008558,-87.694735,"Chicago","Illinois","60645","Bank","2014",71393.6964285714
1666,42.008558,-87.694735,"Chicago","Illinois","60645","Bank","2015",76121.3818181818
1666,42.008558,-87.694735,"Chicago","Illinois","60645","Bank","2016",84044.8322580645
1666,42.008558,-87.694735,"Chicago","Illinois","60645","Bank","2017",90097.3947368421
1759,41.155856,-85.253014,"Fort Wayne","Indiana","46818","Bank","2013",148401.657959147
1759,41.155856,-85.253014,"Fort Wayne","Indiana","46818","Bank","2014",177075.416022454
1759,41.155856,-85.253014,"Fort Wayne","Indiana","46818","Bank","2015",210097.892560804
1759,41.155856,-85.253014,"Fort Wayne","Indiana","46818","Bank","2017",232204.102773812
1759,41.155856,-85.253014,"Fort Wayne","Indiana","46818","Bank","2016",224844.070501685
1760,41.052918,-85.24165,"Fort Wayne","Indiana","46804","Bank","2013",45288.08
1760,41.052918,-85.24165,"Fort Wayne","Indiana","46804","Bank","2014",47847.2
1760,41.052918,-85.24165,"Fort Wayne","Indiana","46804","Bank","2016",50515.8214285714
1760,41.052918,-85.24165,"Fort Wayne","Indiana","46804","Bank","2015",49184.3461538462
1760,41.052918,-85.24165,"Fort Wayne","Indiana","46804","Bank","2017",53227.6071428571
1763,41.152413,-85.127091,"Fort Wayne","Indiana","46825","Bank","2013",34753.6153846154
1763,41.152413,-85.127091,"Fort Wayne","Indiana","46825","Bank","2014",39740.4722222222
1763,41.152413,-85.127091,"Fort Wayne","Indiana","46825","Bank","2015",41884.6944444444
1763,41.152413,-85.127091,"Fort Wayne","Indiana","46825","Bank","2016",44277.7894736842
1763,41.152413,-85.127091,"Fort Wayne","Indiana","46825","Bank","2017",49227.3611111111
1766,40.998405,-85.205235,"Fort Wayne","Indiana","46809","Bank","2013",44637.7368421053
1766,40.998405,-85.205235,"Fort Wayne","Indiana","46809","Bank","2014",48130.2105263158
1766,40.998405,-85.205235,"Fort Wayne","Indiana","46809","Bank","2016",53101.7368421053
1766,40.998405,-85.205235,"Fort Wayne","Indiana","46809","Bank","2015",50813.7368421053
1766,40.998405,-85.205235,"Fort Wayne","Indiana","46809","Bank","2017",59659.0555555556
1767,41.722641,-85.976908,"Elkhart","Indiana","46514","Bank","2013",46955.2307692308
1767,41.722641,-85.976908,"Elkhart","Indiana","46514","Bank","2014",49737.625
1767,41.722641,-85.976908,"Elkhart","Indiana","46514","Bank","2015",58663.96
1767,41.722641,-85.976908,"Elkhart","Indiana","46514","Bank","2016",69745.2173913044
1767,41.722641,-85.976908,"Elkhart","Indiana","46514","Bank","2017",72111.3913043478
1820,37.757029,-87.050026,"Owensboro","Kentucky","42303","Bank","2013",51239.1428571429
1820,37.757029,-87.050026,"Owensboro","Kentucky","42303","Bank","2014",63129.6428571429
1820,37.757029,-87.050026,"Owensboro","Kentucky","42303","Bank","2015",107399.321428571
1820,37.757029,-87.050026,"Owensboro","Kentucky","42303","Bank","2016",88698.2222222222
1820,37.757029,-87.050026,"Owensboro","Kentucky","42303","Bank","2017",74503.962962963
1823,37.735778,-87.249397,"Owensboro","Kentucky","42301","Bank","2014",55581.5
1823,37.735778,-87.249397,"Owensboro","Kentucky","42301","Bank","2013",57565.5
1823,37.735778,-87.249397,"Owensboro","Kentucky","42301","Bank","2015",61027
1823,37.735778,-87.249397,"Owensboro","Kentucky","42301","Bank","2016",68066
1823,37.735778,-87.249397,"Owensboro","Kentucky","42301","Bank","2017",63161
1826,38.010953,-84.483191,"Lexington","Kentucky","40502","Bank","2013",52057.5145631068
1826,38.010953,-84.483191,"Lexington","Kentucky","40502","Bank","2014",57639.1134020619
1826,38.010953,-84.483191,"Lexington","Kentucky","40502","Bank","2015",59625.1313131313
1826,38.010953,-84.483191,"Lexington","Kentucky","40502","Bank","2016",59797.4705882353
1826,38.010953,-84.483191,"Lexington","Kentucky","40502","Bank","2017",61035.1650485437
1831,38.130795,-85.583674,"Louisville","Kentucky","40291","Bank","2014",31358
1831,38.130795,-85.583674,"Louisville","Kentucky","40291","Bank","2013",31193.6470588235
1831,38.130795,-85.583674,"Louisville","Kentucky","40291","Bank","2016",39737.6
1831,38.130795,-85.583674,"Louisville","Kentucky","40291","Bank","2015",35581.6875
1831,38.130795,-85.583674,"Louisville","Kentucky","40291","Bank","2017",47670.5
1842,32.475074,-93.48761,"Haughton","Louisiana","71037","Bank","2016",29516
1842,32.475074,-93.48761,"Haughton","Louisiana","71037","Bank","2013",29964
1842,32.475074,-93.48761,"Haughton","Louisiana","71037","Bank","2015",27198
1842,32.475074,-93.48761,"Haughton","Louisiana","71037","Bank","2014",28691
1842,32.475074,-93.48761,"Haughton","Louisiana","71037","Bank","2017",31310
1845,32.595618,-93.859525,"Shreveport","Louisiana","71107","Bank","2014",16818
1845,32.595618,-93.859525,"Shreveport","Louisiana","71107","Bank","2015",16872.6666666667
1845,32.595618,-93.859525,"Shreveport","Louisiana","71107","Bank","2016",12722
1845,32.595618,-93.859525,"Shreveport","Louisiana","71107","Bank","2013",15541.3333333333
1845,32.595618,-93.859525,"Shreveport","Louisiana","71107","Bank","2017",13059.6666666667
1848,32.378491,-93.730669,"Shreveport","Louisiana","71106","Bank","2013",63172.2222222222
1848,32.378491,-93.730669,"Shreveport","Louisiana","71106","Bank","2015",57189.1
1848,32.378491,-93.730669,"Shreveport","Louisiana","71106","Bank","2014",57823.3
1848,32.378491,-93.730669,"Shreveport","Louisiana","71106","Bank","2016",55815.5454545455
1848,32.378491,-93.730669,"Shreveport","Louisiana","71106","Bank","2017",63998.2
1851,30.426005,-93.39129,"Dequincy","Louisiana","70633","Bank","2015",19429.75
1851,30.426005,-93.39129,"Dequincy","Louisiana","70633","Bank","2014",19537.25
1851,30.426005,-93.39129,"Dequincy","Louisiana","70633","Bank","2013",20187
1851,30.426005,-93.39129,"Dequincy","Louisiana","70633","Bank","2017",22455
1851,30.426005,-93.39129,"Dequincy","Louisiana","70633","Bank","2016",16477.75
2050,43.551112,-116.290079,"Boise","Idaho","83709","Bank","2013",25139.9615384615
2050,43.551112,-116.290079,"Boise","Idaho","83709","Bank","2014",27030.84
2050,43.551112,-116.290079,"Boise","Idaho","83709","Bank","2015",28967.0769230769
2050,43.551112,-116.290079,"Boise","Idaho","83709","Bank","2016",31951.125
2050,43.551112,-116.290079,"Boise","Idaho","83709","Bank","2017",36272.3333333333
2052,42.904916,-112.380092,"Pocatello","Idaho","83201","Bank","2013",19209.4285714286
2052,42.904916,-112.380092,"Pocatello","Idaho","83201","Bank","2014",20811.6153846154
2052,42.904916,-112.380092,"Pocatello","Idaho","83201","Bank","2015",21828.6153846154
2052,42.904916,-112.380092,"Pocatello","Idaho","83201","Bank","2016",30503.3076923077
2052,42.904916,-112.380092,"Pocatello","Idaho","83201","Bank","2017",32239.4615384615
2141,38.376421,-82.270009,"Barboursville","West Virginia","25504","Bank","2013",51849.1111111111
2141,38.376421,-82.270009,"Barboursville","West Virginia","25504","Bank","2014",44968.6363636364
2141,38.376421,-82.270009,"Barboursville","West Virginia","25504","Bank","2016",45965
2141,38.376421,-82.270009,"Barboursville","West Virginia","25504","Bank","2015",47254.8181818182
2141,38.376421,-82.270009,"Barboursville","West Virginia","25504","Bank","2017",44651.6363636364
2142,38.350719,-81.630359,"Charleston","West Virginia","25301","Bank","2013",102508.916666667
2142,38.350719,-81.630359,"Charleston","West Virginia","25301","Bank","2014",101297.666666667
2142,38.350719,-81.630359,"Charleston","West Virginia","25301","Bank","2015",104140.777777778
2142,38.350719,-81.630359,"Charleston","West Virginia","25301","Bank","2016",101970.555555556
2142,38.350719,-81.630359,"Charleston","West Virginia","25301","Bank","2017",125989.96969697
2144,38.462502,-81.466853,"Elkview","West Virginia","25071","Bank","2014",43555
2144,38.462502,-81.466853,"Elkview","West Virginia","25071","Bank","2013",43516
2144,38.462502,-81.466853,"Elkview","West Virginia","25071","Bank","2015",43965.5
2144,38.462502,-81.466853,"Elkview","West Virginia","25071","Bank","2016",53180.5
2144,38.462502,-81.466853,"Elkview","West Virginia","25071","Bank","2017",56699.5
2376,41.938074,-86.554845,"Bridgman","Michigan","49106","Bank","2013",28414
2376,41.938074,-86.554845,"Bridgman","Michigan","49106","Bank","2014",29312
2376,41.938074,-86.554845,"Bridgman","Michigan","49106","Bank","2016",30102
2376,41.938074,-86.554845,"Bridgman","Michigan","49106","Bank","2017",31170
2376,41.938074,-86.554845,"Bridgman","Michigan","49106","Bank","2015",29189.3333333333
2378,45.331217,-84.897137,"Petoskey","Michigan","49770","Bank","2013",47978.4545454545
2378,45.331217,-84.897137,"Petoskey","Michigan","49770","Bank","2014",54655.8
2378,45.331217,-84.897137,"Petoskey","Michigan","49770","Bank","2016",51463.1818181818
2378,45.331217,-84.897137,"Petoskey","Michigan","49770","Bank","2017",51569.9166666667
2378,45.331217,-84.897137,"Petoskey","Michigan","49770","Bank","2015",57106.2
2380,43.179103,-83.700508,"Clio","Michigan","48420","Bank","2013",40591.8
2380,43.179103,-83.700508,"Clio","Michigan","48420","Bank","2015",42481.2
2380,43.179103,-83.700508,"Clio","Michigan","48420","Bank","2014",42435.8
2380,43.179103,-83.700508,"Clio","Michigan","48420","Bank","2017",44419
2380,43.179103,-83.700508,"Clio","Michigan","48420","Bank","2016",45139.6
2382,43.054719,-83.743736,"Flint","Michigan","48504","Bank","2013",49046.5789473684
2382,43.054719,-83.743736,"Flint","Michigan","48504","Bank","2014",48186.1111111111
2382,43.054719,-83.743736,"Flint","Michigan","48504","Bank","2016",58365.25
2382,43.054719,-83.743736,"Flint","Michigan","48504","Bank","2017",51821.0666666667
2382,43.054719,-83.743736,"Flint","Michigan","48504","Bank","2015",60613.75
2449,35.955109,-115.056738,"Henderson","Nevada","89052","Bank","2013",65727.125
2449,35.955109,-115.056738,"Henderson","Nevada","89052","Bank","2014",70711.8125
2449,35.955109,-115.056738,"Henderson","Nevada","89052","Bank","2015",81427.6875
2449,35.955109,-115.056738,"Henderson","Nevada","89052","Bank","2016",87093.875
2449,35.955109,-115.056738,"Henderson","Nevada","89052","Bank","2017",98616.2
2452,36.233315,-115.29015,"Las Vegas","Nevada","89129","Bank","2013",124282.244444444
2452,36.233315,-115.29015,"Las Vegas","Nevada","89129","Bank","2014",124691.333333333
2452,36.233315,-115.29015,"Las Vegas","Nevada","89129","Bank","2016",149324.585365854
2452,36.233315,-115.29015,"Las Vegas","Nevada","89129","Bank","2015",123658.214285714
2452,36.233315,-115.29015,"Las Vegas","Nevada","89129","Bank","2017",148139.609756098
2455,36.196814,-115.264364,"Las Vegas","Nevada","89128","Bank","2013",106237.246575342
2455,36.196814,-115.264364,"Las Vegas","Nevada","89128","Bank","2014",108838.2
2455,36.196814,-115.264364,"Las Vegas","Nevada","89128","Bank","2016",135500.215384615
2455,36.196814,-115.264364,"Las Vegas","Nevada","89128","Bank","2017",143618.063492063
2455,36.196814,-115.264364,"Las Vegas","Nevada","89128","Bank","2015",115513.268656716
2458,36.202736,-115.30775,"Las Vegas","Nevada","89134","Bank","2013",131418.352941176
2458,36.202736,-115.30775,"Las Vegas","Nevada","89134","Bank","2014",137477.708333333
2458,36.202736,-115.30775,"Las Vegas","Nevada","89134","Bank","2015",143301.531914894
2458,36.202736,-115.30775,"Las Vegas","Nevada","89134","Bank","2016",169984.6
2458,36.202736,-115.30775,"Las Vegas","Nevada","89134","Bank","2017",168669.52173913
2574,40.814713,-73.90859,"Bronx","New York","10455","Bank","2013",104764.512578616
2574,40.814713,-73.90859,"Bronx","New York","10455","Bank","2014",108998.255451713
2574,40.814713,-73.90859,"Bronx","New York","10455","Bank","2015",114326.242331288
2574,40.814713,-73.90859,"Bronx","New York","10455","Bank","2016",120347.105263158
2574,40.814713,-73.90859,"Bronx","New York","10455","Bank","2017",126436.481595092
2576,40.880678,-73.90654,"Bronx","New York","10463","Bank","2013",80145.2452830189
2576,40.880678,-73.90654,"Bronx","New York","10463","Bank","2014",84836.0380952381
2576,40.880678,-73.90654,"Bronx","New York","10463","Bank","2015",91903.4622641509
2576,40.880678,-73.90654,"Bronx","New York","10463","Bank","2016",96120.2938388626
2576,40.880678,-73.90654,"Bronx","New York","10463","Bank","2017",101939.995327103
2580,40.847396,-73.840578,"Bronx","New York","10461","Bank","2013",70232.8394160584
2580,40.847396,-73.840578,"Bronx","New York","10461","Bank","2014",70078.9208633094
2580,40.847396,-73.840578,"Bronx","New York","10461","Bank","2015",73565.7375886525
2580,40.847396,-73.840578,"Bronx","New York","10461","Bank","2016",77731.6569343066
2580,40.847396,-73.840578,"Bronx","New York","10461","Bank","2017",81096.5071428571
2584,40.868609,-73.848138,"Bronx","New York","10469","Bank","2013",75273.2881355932
2584,40.868609,-73.848138,"Bronx","New York","10469","Bank","2014",75880.8644067797
2584,40.868609,-73.848138,"Bronx","New York","10469","Bank","2015",78923.095505618
2584,40.868609,-73.848138,"Bronx","New York","10469","Bank","2016",83990.3139534884
2584,40.868609,-73.848138,"Bronx","New York","10469","Bank","2017",87919.5028901734
2610,38.898609,-77.041461,"Washington","District Of Columbia","20006","Bank","2013",260374.879562044
2610,38.898609,-77.041461,"Washington","District Of Columbia","20006","Bank","2014",292410.157894737
2610,38.898609,-77.041461,"Washington","District Of Columbia","20006","Bank","2015",308329.040590406
2610,38.898609,-77.041461,"Washington","District Of Columbia","20006","Bank","2016",312266.293680297
2610,38.898609,-77.041461,"Washington","District Of Columbia","20006","Bank","2017",355800.984615385
2888,43.627161,-116.287653,"Boise","Idaho","83704","Bank","2013",54963.8863636364
2888,43.627161,-116.287653,"Boise","Idaho","83704","Bank","2014",54606.4691358025
2888,43.627161,-116.287653,"Boise","Idaho","83704","Bank","2016",63419.8452380952
2888,43.627161,-116.287653,"Boise","Idaho","83704","Bank","2015",60546.8780487805
2888,43.627161,-116.287653,"Boise","Idaho","83704","Bank","2017",71239.2168674699
3272,39.952896,-75.174298,"Philadelphia","Pennsylvania","19103","Bank","2013",214806.711864407
3272,39.952896,-75.174298,"Philadelphia","Pennsylvania","19103","Bank","2014",203976.218181818
3272,39.952896,-75.174298,"Philadelphia","Pennsylvania","19103","Bank","2015",257699.182352941
3272,39.952896,-75.174298,"Philadelphia","Pennsylvania","19103","Bank","2016",248709.946745562
3272,39.952896,-75.174298,"Philadelphia","Pennsylvania","19103","Bank","2017",253844.404761905
